website	activeUsers	newUsers	totalUsers	eventCountPerUser	screenPageViewsPerUser	sessions	averageSessionDuration	screenPageViews	engagementRate
OCS main - GA4	13859	13788	13860	5.2153835053034125	1.6435529258965293	16062	130.31811143942224	22778	0.4198729921553978
Static case study streams	8539	10596	8549	8.699145098957723	2.2836397704649256	16856	227.64377016290936	19500	0.7265068818224965
