website	activeUsers	newUsers	totalUsers	eventCountPerUser	screenPageViewsPerUser	sessions	averageSessionDuration	screenPageViews	engagementRate
OCS main - GA4	15562	15606	15564	5.255301375144583	1.662318468063231	18803	125.42414175227358	25869	0.4107323299473488
Static case study streams	9224	11612	9236	8.798352124891586	2.295750216825672	18675	227.02346686736277	21176	0.7293172690763052
