website	activeUsers	newUsers	totalUsers	eventCountPerUser	screenPageViewsPerUser	sessions	averageSessionDuration	screenPageViews	engagementRate
OCS main - GA4	21014	21067	21017	5.1637003902160465	1.619824878652327	25868	120.70876349389208	34039	0.4259316530075769
Static case study streams	11381	14043	11399	8.613917933397769	2.2220367278797997	23329	217.7655235109949	25289	0.7437524111620729
