website	activeUsers	newUsers	totalUsers	eventCountPerUser	screenPageViewsPerUser	sessions	averageSessionDuration	screenPageViews	engagementRate
OCS main - GA4	15318	15395	15320	5.262828045436741	1.6647734691212952	18522	125.69509655080444	25501	0.41016088975272647
Static case study streams	9124	11448	9134	8.758987286277948	2.287921964050855	18291	226.85108948127495	20875	0.7291564157235799
