website	activeUsers	newUsers	totalUsers	eventCountPerUser	screenPageViewsPerUser	sessions	averageSessionDuration	screenPageViews	engagementRate
OCS main - GA4	20889	20908	20891	5.163387428790273	1.620087127196132	25637	121.29765886940751	33842	0.4267269961383937
Static case study streams	11311	13942	11331	8.611793829016003	2.2218194677747327	23242	217.41230813725156	25131	0.7423199380431976
