website	activeUsers	newUsers	totalUsers	eventCountPerUser	screenPageViewsPerUser	sessions	averageSessionDuration	screenPageViews	engagementRate
OCS main - GA4	16856	16909	16861	5.2767560512577125	1.6680113906027527	20587	132.28526588599604	28116	0.4222567639772672
Static case study streams	9757	12327	9770	8.776160705134775	2.284718663523624	20059	220.75364440615186	22292	0.7390198913206042
