website	activeUsers	newUsers	totalUsers	eventCountPerUser	screenPageViewsPerUser	sessions	averageSessionDuration	screenPageViews	engagementRate
OCS main - GA4	17612	17644	17614	5.269305019305019	1.6645468998410176	21749	131.66472787204012	29316	0.4216285806243965
Static case study streams	10076	12705	10091	8.921893608574832	2.30180627233029	21298	218.99965807709643	23193	0.7336839139825335
