website	activeUsers	newUsers	totalUsers	eventCountPerUser	screenPageViewsPerUser	sessions	averageSessionDuration	screenPageViews	engagementRate
OCS main - GA4	13480	13407	13481	5.208827893175074	1.6387240356083086	15562	130.2266202964272	22090	0.4185194705050765
Static case study streams	8422	10448	8432	8.689028734267396	2.282236998337687	16534	229.6530928839966	19221	0.7239022620055643
