website	activeUsers	newUsers	totalUsers	eventCountPerUser	screenPageViewsPerUser	sessions	averageSessionDuration	screenPageViews	engagementRate
OCS main - GA4	17345	17409	17347	5.2784664168348225	1.6688382819256269	21368	131.5979943753276	28946	0.42067577686259827
Static case study streams	9993	12612	10006	8.937356149304513	2.3068147703392374	21128	219.1746637316831	23052	0.7318250662627792
