website	activeUsers	newUsers	totalUsers	eventCountPerUser	screenPageViewsPerUser	sessions	averageSessionDuration	screenPageViews	engagementRate
OCS main - GA4	16757	16766	16759	5.265560661216208	1.665035507549084	20398	132.3965011714874	27901	0.42141386410432397
Static case study streams	9716	12270	9728	8.77521613832853	2.2856113627007	19932	221.26658521417824	22207	0.7386614489263496
