website	activeUsers	newUsers	totalUsers	eventCountPerUser	screenPageViewsPerUser	sessions	averageSessionDuration	screenPageViews	engagementRate
OCS main - GA4	13667	13626	13668	5.229750493890393	1.6470329991951416	15891	129.81253046825248	22510	0.4185387955446479
Static case study streams	8511	10553	8521	8.696745388320997	2.283985430619199	16786	227.66391504724174	19439	0.7264386989157632
