website	activeUsers	newUsers	totalUsers	eventCountPerUser	screenPageViewsPerUser	sessions	averageSessionDuration	screenPageViews	engagementRate
OCS main - GA4	16363	16403	16365	5.2743384464951415	1.6687648964126383	19913	125.288836068046	27306	0.41947471501029476
Static case study streams	9553	12055	9566	8.805715482047525	2.2938343975714437	19587	223.311471687701	21913	0.7381936999029969
