website	activeUsers	newUsers	totalUsers	eventCountPerUser	screenPageViewsPerUser	sessions	averageSessionDuration	screenPageViews	engagementRate
OCS main - GA4	22117	22212	22119	5.12854365420265	1.6105258398516977	27502	117.26192550654498	35620	0.4169151334448404
Static case study streams	12522	15400	12549	8.51708992173774	2.2045200447212907	25247	212.76512672816574	27605	0.7494355765041391
