website	activeUsers	newUsers	totalUsers	eventCountPerUser	screenPageViewsPerUser	sessions	averageSessionDuration	screenPageViews	engagementRate
OCS main - GA4	13523	13469	13523	5.217629224284552	1.642387044294905	15662	130.08262911658792	22210	0.4178265866428298
Static case study streams	8445	10480	8455	8.69757252812315	2.2839550029603317	16663	228.304422527456	19288	0.7231590950009001
