website	activeUsers	newUsers	totalUsers	eventCountPerUser	screenPageViewsPerUser	sessions	averageSessionDuration	screenPageViews	engagementRate
OCS main - GA4	14198	14126	14198	5.204394985209184	1.6406536131849556	16560	129.1728196968599	23294	0.41642512077294686
Static case study streams	8649	10732	8659	8.690715689675107	2.278182448838016	17077	226.8851685052995	19704	0.7264742050711483
