website	activeUsers	newUsers	totalUsers	eventCountPerUser	screenPageViewsPerUser	sessions	averageSessionDuration	screenPageViews	engagementRate
OCS main - GA4	16931	16988	16934	5.277065737404761	1.667651054279133	20727	132.03568090133643	28235	0.42200993872726394
Static case study streams	9781	12367	9794	8.777527860137	2.284633473060014	20140	220.3796593617676	22346	0.7379841112214498
