website	activeUsers	newUsers	totalUsers	eventCountPerUser	screenPageViewsPerUser	sessions	averageSessionDuration	screenPageViews	engagementRate
OCS main - GA4	22117	22212	22119	5.12840801193652	1.6104806257629878	27502	117.2618435333794	35619	0.4169151334448404
Static case study streams	12319	15181	12335	8.557350434288498	2.2144654598587548	24897	214.31149480563923	27280	0.7489255733622525
