website	activeUsers	newUsers	totalUsers	eventCountPerUser	screenPageViewsPerUser	sessions	averageSessionDuration	screenPageViews	engagementRate
OCS main - GA4	13515	13451	13515	5.213836477987422	1.641213466518683	15634	130.18006351496737	22181	0.41819112191377766
Static case study streams	8442	10468	8452	8.689410092395168	2.2823975361288795	16616	228.77739279471592	19268	0.7234593163216178
