website	activeUsers	newUsers	totalUsers	eventCountPerUser	screenPageViewsPerUser	sessions	averageSessionDuration	screenPageViews	engagementRate
OCS main - GA4	18934	18983	18936	5.237878947924369	1.6472483363261856	23429	128.8110861413206	31189	0.42562636049340563
Static case study streams	10719	13372	10734	8.776285101222129	2.2645769194887584	22378	217.3186085947359	24274	0.7396550183215658
