website	activeUsers	newUsers	totalUsers	eventCountPerUser	screenPageViewsPerUser	sessions	averageSessionDuration	screenPageViews	engagementRate
OCS main - GA4	17222	17264	17224	5.272151898734177	1.666008593659273	21188	131.4242949863602	28692	0.4204266565980744
Static case study streams	9899	12503	9912	8.858369532275988	2.2952823517527023	20566	220.7157731470388	22721	0.7356802489545853
