website	activeUsers	newUsers	totalUsers	eventCountPerUser	screenPageViewsPerUser	sessions	averageSessionDuration	screenPageViews	engagementRate
OCS main - GA4	16609	16627	16612	5.2692516105725815	1.6663254861821903	20307	132.23207722391297	27676	0.4190673166888265
Static case study streams	9658	12189	9670	8.788465520811762	2.289397390764133	19860	221.58461066555896	22111	0.7385196374622357
