website	activeUsers	newUsers	totalUsers	eventCountPerUser	screenPageViewsPerUser	sessions	averageSessionDuration	screenPageViews	engagementRate
OCS main - GA4	22117	22212	22119	5.12840801193652	1.6104806257629878	27502	117.2618435333794	35619	0.4169151334448404
Static case study streams	12003	14836	12028	8.606015162875948	2.226443389152712	24465	215.6930413097895	26724	0.7493153484569793
