website	activeUsers	newUsers	totalUsers	eventCountPerUser	screenPageViewsPerUser	sessions	averageSessionDuration	screenPageViews	engagementRate
OCS main - GA4	18091	18162	18093	5.27626996849262	1.6648609805980874	22356	131.5575140751029	30119	0.42784934693147253
Static case study streams	10288	12912	10303	8.888316485225506	2.295878693623639	21747	219.78046585542836	23620	0.7333885133581644
