website	activeUsers	newUsers	totalUsers	eventCountPerUser	screenPageViewsPerUser	sessions	averageSessionDuration	screenPageViews	engagementRate
OCS main - GA4	22078	22167	22080	5.127049551589818	1.6096566717999818	27446	117.339568233003	35538	0.4171828317423304
Static case study streams	11874	14637	11886	8.597945090112852	2.221997641906687	24242	216.3263989711245	26384	0.7460193053378434
