website	activeUsers	newUsers	totalUsers	eventCountPerUser	screenPageViewsPerUser	sessions	averageSessionDuration	screenPageViews	engagementRate
OCS main - GA4	16703	16705	16705	5.263126384481829	1.6646111476980183	20334	132.55349708675126	27804	0.4201829448214813
Static case study streams	9685	12220	9697	8.781208053691275	2.287145069695405	19898	221.4089629169766	22151	0.7381646396622776
