website	activeUsers	newUsers	totalUsers	eventCountPerUser	screenPageViewsPerUser	sessions	averageSessionDuration	screenPageViews	engagementRate
OCS main - GA4	17098	17110	17101	5.265528131945257	1.6635863843724412	20956	131.59491888175225	28444	0.41997518610421836
Static case study streams	9817	12410	9830	8.777121320158908	2.28440460425792	20168	220.4072035889528	22426	0.7375049583498612
