website	activeUsers	newUsers	totalUsers	eventCountPerUser	screenPageViewsPerUser	sessions	averageSessionDuration	screenPageViews	engagementRate
OCS main - GA4	16424	16494	16426	5.284887968826109	1.6718217243058937	20014	132.94755277360846	27458	0.4197062056560408
Static case study streams	9607	12133	9620	8.8009784532112	2.2924950556885606	19752	222.09775299645605	22024	0.7384062373430539
