website	activeUsers	newUsers	totalUsers	eventCountPerUser	screenPageViewsPerUser	sessions	averageSessionDuration	screenPageViews	engagementRate
OCS main - GA4	15846	15864	15848	5.252114098195128	1.6612394295090243	19056	125.75664241834593	26324	0.41399034424853065
Static case study streams	9294	11711	9306	8.812674843985366	2.299117710350764	18911	226.65833328665855	21368	0.73206070540955
