website	activeUsers	newUsers	totalUsers	eventCountPerUser	screenPageViewsPerUser	sessions	averageSessionDuration	screenPageViews	engagementRate
OCS main - GA4	18021	18059	18023	5.267465734420953	1.6625603462626934	22257	131.70205707925595	29961	0.42678707822258166
Static case study streams	10243	12875	10258	8.900322171238894	2.2993263692277655	21672	218.54251656773718	23552	0.7321428571428571
