website	activeUsers	newUsers	totalUsers	eventCountPerUser	screenPageViewsPerUser	sessions	averageSessionDuration	screenPageViews	engagementRate
OCS main - GA4	15364	15429	15367	5.260348867482427	1.6634990887789638	18573	125.82487914294944	25558	0.4103268184999731
Static case study streams	9147	11511	9157	8.797201268175359	2.295506723515907	18464	227.340043262565	20997	0.7293652512998267
