website	activeUsers	newUsers	totalUsers	eventCountPerUser	screenPageViewsPerUser	sessions	averageSessionDuration	screenPageViews	engagementRate
OCS main - GA4	15496	15534	15498	5.248902942694889	1.660105833763552	18683	125.61833142027511	25725	0.40962372210030507
Static case study streams	9204	11587	9215	8.798239895697522	2.2963928726640592	18553	228.06375132997357	21136	0.7305557052767746
