website	activeUsers	newUsers	totalUsers	eventCountPerUser	screenPageViewsPerUser	sessions	averageSessionDuration	screenPageViews	engagementRate
OCS main - GA4	22117	22212	22119	5.12840801193652	1.6104806257629878	27502	117.2618435333794	35619	0.4169151334448404
Static case study streams	12067	14896	12094	8.589210242810973	2.222341924256236	24584	215.05781740078916	26817	0.7486983403839896
