website	activeUsers	newUsers	totalUsers	eventCountPerUser	screenPageViewsPerUser	sessions	averageSessionDuration	screenPageViews	engagementRate
OCS main - GA4	21193	21232	21195	5.149860803095362	1.6158637285896287	26076	120.06435516816231	34245	0.4252185918085596
Static case study streams	11431	14111	11449	8.611844982941125	2.2217653748578425	23401	217.43886905580956	25397	0.7437289004743387
