website	activeUsers	newUsers	totalUsers	eventCountPerUser	screenPageViewsPerUser	sessions	averageSessionDuration	screenPageViews	engagementRate
OCS main - GA4	19605	19599	19607	5.1912267278755415	1.6277990308594745	24178	125.86525619927207	31913	0.4213748035404086
Static case study streams	11042	13695	11061	8.689820684658576	2.2406266980619454	22843	214.55620750203562	24741	0.7400078798756731
