website	activeUsers	newUsers	totalUsers	eventCountPerUser	screenPageViewsPerUser	sessions	averageSessionDuration	screenPageViews	engagementRate
OCS main - GA4	15139	15159	15141	5.222669925358346	1.6476649712662659	18138	125.30913328172898	24944	0.4095269599735362
Static case study streams	8973	11221	8983	8.708681600356625	2.2759389278947957	17792	225.91867065568795	20422	0.7324078237410072
