website	activeUsers	newUsers	totalUsers	eventCountPerUser	screenPageViewsPerUser	sessions	averageSessionDuration	screenPageViews	engagementRate
OCS main - GA4	17171	17185	17173	5.264690466484188	1.6639100809504397	21110	131.18623059606824	28571	0.4203694931312174
Static case study streams	9859	12461	9872	8.806876965209453	2.2875545187138657	20359	220.45303850267697	22553	0.736381944103345
