website	activeUsers	newUsers	totalUsers	eventCountPerUser	screenPageViewsPerUser	sessions	averageSessionDuration	screenPageViews	engagementRate
OCS main - GA4	20547	20580	20550	5.189273373241836	1.6280722246556676	25244	122.54840634190303	33452	0.4294485818412296
Static case study streams	11223	13851	11243	8.63539160652232	2.227033769936737	23135	212.2276238690296	24994	0.7405662416252431
