website	activeUsers	newUsers	totalUsers	eventCountPerUser	screenPageViewsPerUser	sessions	averageSessionDuration	screenPageViews	engagementRate
OCS main - GA4	22629	22591	22632	5.14507932299262	1.6182774316143003	27874	116.62570000107628	36620	0.42760278395637513
Static case study streams	12711	12663	12725	8.48186610022815	2.196758712925812	25492	211.37060921010513	27923	0.752785187509807
