website	activeUsers	newUsers	totalUsers	eventCountPerUser	screenPageViewsPerUser	sessions	averageSessionDuration	screenPageViews	engagementRate
OCS main - GA4	14711	14708	14711	5.217864183264224	1.6480184895656311	17512	125.9506342964824	24244	0.41074691640018274
Static case study streams	8806	10951	8816	8.699295934590053	2.276061776061776	17477	225.21635497602563	20043	0.7286719688733765
