website	activeUsers	newUsers	totalUsers	eventCountPerUser	screenPageViewsPerUser	sessions	averageSessionDuration	screenPageViews	engagementRate
OCS main - GA4	16500	16570	16502	5.283939393939394	1.670969696969697	20203	132.43813650160865	27571	0.41949215463050044
Static case study streams	9632	12161	9645	8.795888704318937	2.291216777408638	19821	221.68345079668026	22069	0.7381565006810958
