website	activeUsers	newUsers	totalUsers	eventCountPerUser	screenPageViewsPerUser	sessions	averageSessionDuration	screenPageViews	engagementRate
OCS main - GA4	14844	14882	14845	5.230261385071409	1.6510374562112637	17737	125.76940037960196	24508	0.4105542087162429
Static case study streams	8856	11038	8866	8.705962059620596	2.276874435411021	17597	225.385767102006	20164	0.7302949366369268
