website	activeUsers	newUsers	totalUsers	eventCountPerUser	screenPageViewsPerUser	sessions	averageSessionDuration	screenPageViews	engagementRate
OCS main - GA4	15335	15406	15337	5.261688946853603	1.6641017280730355	18533	125.69637002152916	25519	0.4102411913883343
Static case study streams	9131	11456	9141	8.75971963640346	2.2882488226919286	18332	226.62203133406067	20894	0.728889373772638
