website	activeUsers	newUsers	totalUsers	eventCountPerUser	screenPageViewsPerUser	sessions	averageSessionDuration	screenPageViews	engagementRate
OCS main - GA4	13575	13547	13576	5.231528545119706	1.647292817679558	15811	129.89200631933466	22362	0.4167351843653153
Static case study streams	8480	10512	8490	8.692688679245283	2.2827830188679243	16718	228.1067435599952	19358	0.7244287594209834
