website	activeUsers	newUsers	totalUsers	eventCountPerUser	screenPageViewsPerUser	sessions	averageSessionDuration	screenPageViews	engagementRate
OCS main - GA4	17276	17335	17278	5.278363047001621	1.6684996526973837	21288	131.36206006872416	28825	0.42098835024426906
Static case study streams	9965	12580	9978	8.927245358755645	2.305168088309082	20978	220.1599789094289	22971	0.7332920202116503
