website	activeUsers	newUsers	totalUsers	eventCountPerUser	screenPageViewsPerUser	sessions	averageSessionDuration	screenPageViews	engagementRate
OCS main - GA4	22629	22712	22632	5.14507932299262	1.6182774316143003	27874	116.62570000107628	36620	0.42760278395637513
Static case study streams	12603	15474	12623	8.495516940411013	2.1991589304133936	25340	212.16231956318074	27716	0.7509865824782952
