website	activeUsers	newUsers	totalUsers	eventCountPerUser	screenPageViewsPerUser	sessions	averageSessionDuration	screenPageViews	engagementRate
OCS main - GA4	22117	22212	22119	5.12854365420265	1.6105258398516977	27502	117.26192550654497	35620	0.4169151334448404
Static case study streams	12445	15320	12471	8.533547609481719	2.2088388911209322	25117	213.15063933726162	27489	0.7489747979456145
