website	activeUsers	newUsers	totalUsers	eventCountPerUser	screenPageViewsPerUser	sessions	averageSessionDuration	screenPageViews	engagementRate
OCS main - GA4	21548	21662	21551	5.151197326898088	1.6167625765732319	26721	118.70388732947868	34838	0.42176565248306574
Static case study streams	11670	14384	11696	8.598286203941731	2.2185089974293057	23825	216.5243492966212	25890	0.7442602308499475
