website	activeUsers	newUsers	totalUsers	eventCountPerUser	screenPageViewsPerUser	sessions	averageSessionDuration	screenPageViews	engagementRate
OCS main - GA4	20728	20744	20731	5.172327286761868	1.6227325357005018	25434	121.83567060698277	33636	0.4281277030746245
Static case study streams	11255	13884	11275	8.626565970679698	2.2252332296756996	23167	212.0683489453533	25045	0.7404066128544913
