website	activeUsers	newUsers	totalUsers	eventCountPerUser	screenPageViewsPerUser	sessions	averageSessionDuration	screenPageViews	engagementRate
OCS main - GA4	14589	14558	14590	5.206045650832819	1.642470354376585	17267	126.82241042254012	23962	0.4105519198471072
Static case study streams	8758	10890	8768	8.706782370404202	2.278716601963919	17374	225.7082862082422	19957	0.7274087717278692
