website	activeUsers	newUsers	totalUsers	eventCountPerUser	screenPageViewsPerUser	sessions	averageSessionDuration	screenPageViews	engagementRate
OCS main - GA4	14661	14639	14662	5.208648796125776	1.6431348475547372	17374	126.4925518910441	24090	0.4114193622654541
Static case study streams	8782	10922	8792	8.705420177636073	2.2781826463220223	17441	225.3187108049997	20007	0.7283986009976492
