website	activeUsers	newUsers	totalUsers	eventCountPerUser	screenPageViewsPerUser	sessions	averageSessionDuration	screenPageViews	engagementRate
OCS main - GA4	16797	16835	16799	5.272310531642555	1.667083407751384	20493	132.1284392280779	28002	0.42233933538281365
Static case study streams	9735	12296	9748	8.775141242937853	2.2849512069851055	19958	221.3668707418579	22244	0.7387012726726125
