website	activeUsers	newUsers	totalUsers	eventCountPerUser	screenPageViewsPerUser	sessions	averageSessionDuration	screenPageViews	engagementRate
OCS main - GA4	20439	20446	20442	5.193698321835706	1.629727481775038	25110	122.94217542178416	33310	0.42970927917164475
Static case study streams	11191	13814	11211	8.638906263962113	2.2267000268072557	23022	213.11663342042394	24919	0.7408131352619234
