website	activeUsers	newUsers	totalUsers	eventCountPerUser	screenPageViewsPerUser	sessions	averageSessionDuration	screenPageViews	engagementRate
OCS main - GA4	16439	16509	16440	5.28523632824381	1.6718778514508181	20039	133.0439909144668	27484	0.4199311342881381
Static case study streams	9613	12139	9625	8.798710080099864	2.2920004161031935	19770	221.91858074739505	22033	0.738037430450177
