website	activeUsers	newUsers	totalUsers	eventCountPerUser	screenPageViewsPerUser	sessions	averageSessionDuration	screenPageViews	engagementRate
OCS main - GA4	15266	15346	15268	5.2424341674308925	1.6537403380060265	18439	125.02330079640979	25246	0.41027170670860674
Static case study streams	9072	11370	9082	8.733024691358025	2.2821869488536155	18095	226.4172663725891	20704	0.7300911854103344
