website	activeUsers	newUsers	totalUsers	eventCountPerUser	screenPageViewsPerUser	sessions	averageSessionDuration	screenPageViews	engagementRate
OCS main - GA4	21292	21374	21295	5.151653203080969	1.616710501596844	26295	119.47491570579959	34423	0.4239589275527667
Static case study streams	11483	14175	11494	8.605503788208656	2.2203256988591833	23550	216.42262491231423	25496	0.744416135881104
