website	activeUsers	newUsers	totalUsers	eventCountPerUser	screenPageViewsPerUser	sessions	averageSessionDuration	screenPageViews	engagementRate
OCS main - GA4	17937	17947	17942	5.261191949601383	1.6616491052015387	22129	131.68119310890685	29805	0.4248723394640517
Static case study streams	10211	12840	10226	8.900303594163157	2.2986974831064537	21613	218.90079005834454	23472	0.7324758247351131
