website	activeUsers	newUsers	totalUsers	eventCountPerUser	screenPageViewsPerUser	sessions	averageSessionDuration	screenPageViews	engagementRate
OCS main - GA4	16383	16441	16386	5.2812061283037295	1.6709393883904047	19982	125.42109152617357	27375	0.418426583925533
Static case study streams	9577	12088	9589	8.80233893703665	2.293202464237235	19619	223.36238589240025	21962	0.7392323767776136
