website	activeUsers	newUsers	totalUsers	eventCountPerUser	screenPageViewsPerUser	sessions	averageSessionDuration	screenPageViews	engagementRate
OCS main - GA4	13934	13891	13934	5.220611453997416	1.6451844409358405	16208	129.76727761784304	22924	0.4182502467917078
Static case study streams	8559	10624	8570	8.69645986680687	2.2828601472134595	16894	227.30883681354328	19539	0.7266485142654197
