website	activeUsers	newUsers	totalUsers	eventCountPerUser	screenPageViewsPerUser	sessions	averageSessionDuration	screenPageViews	engagementRate
OCS main - GA4	19193	19183	19196	5.211535455634867	1.6373677903402282	23643	128.12129747451678	31426	0.4239309732267479
Static case study streams	10810	13476	10827	8.759111933395005	2.2598519888991673	22521	216.15275769304208	24429	0.738910350339683
