website	activeUsers	newUsers	totalUsers	eventCountPerUser	screenPageViewsPerUser	sessions	averageSessionDuration	screenPageViews	engagementRate
OCS main - GA4	14396	14388	14397	5.218046679633232	1.6455959988885802	16976	127.58491342672008	23690	0.412818096135721
Static case study streams	8717	10828	8727	8.695422737180223	2.2768154181484457	17233	226.44342741205824	19847	0.727209423779957
