website	activeUsers	newUsers	totalUsers	eventCountPerUser	screenPageViewsPerUser	sessions	averageSessionDuration	screenPageViews	engagementRate
OCS main - GA4	17003	17043	17010	5.275363171205082	1.6672351937893313	20777	132.26498270193002	28348	0.4214275400683448
Static case study streams	9806	12391	9819	8.769018967978788	2.2821741790740364	20156	220.4185176767216	22379	0.7367533240722366
