website	activeUsers	newUsers	totalUsers	eventCountPerUser	screenPageViewsPerUser	sessions	averageSessionDuration	screenPageViews	engagementRate
OCS main - GA4	15063	15080	15065	5.2225320321317135	1.647679745070703	18024	125.6545031323236	24819	0.4100643586329339
Static case study streams	8945	11173	8955	8.701397428731134	2.274231414197876	17724	225.67448675863238	20343	0.7329609568946062
