website	activeUsers	newUsers	totalUsers	eventCountPerUser	screenPageViewsPerUser	sessions	averageSessionDuration	screenPageViews	engagementRate
OCS main - GA4	22117	22212	22119	5.12840801193652	1.6104806257629878	27502	117.26184353337939	35619	0.4169151334448404
Static case study streams	12195	15009	12216	8.555555555555555	2.214760147601476	24683	214.7325109244014	27009	0.7501924401409877
