website	activeUsers	newUsers	totalUsers	eventCountPerUser	screenPageViewsPerUser	sessions	averageSessionDuration	screenPageViews	engagementRate
OCS main - GA4	19768	19766	19771	5.183883043302306	1.6242411978955889	24401	125.24279284512932	32108	0.4197368960288513
Static case study streams	11124	13749	11144	8.659115426105718	2.2316612729234087	22946	213.6691827076179	24825	0.7399110956157936
