website	activeUsers	newUsers	totalUsers	eventCountPerUser	screenPageViewsPerUser	sessions	averageSessionDuration	screenPageViews	engagementRate
OCS main - GA4	15628	15697	15630	5.268492449449706	1.666815971333504	18895	125.54095821630061	26049	0.4122254564699656
Static case study streams	9239	11646	9252	8.80787964065375	2.298084208247646	18720	227.09580817799144	21232	0.7308226495726495
