website	activeUsers	newUsers	totalUsers	eventCountPerUser	screenPageViewsPerUser	sessions	averageSessionDuration	screenPageViews	engagementRate
OCS main - GA4	18574	18602	18596	5.249434693657801	1.6540863572736082	22991	130.0529998489409	30723	0.4266887042755861
Static case study streams	10477	13115	10494	8.854347618593108	2.2863415099742292	22081	218.37496863901092	23954	0.7351116344368461
