website	activeUsers	newUsers	totalUsers	eventCountPerUser	screenPageViewsPerUser	sessions	averageSessionDuration	screenPageViews	engagementRate
OCS main - GA4	22629	22712	22632	5.14507932299262	1.6182774316143003	27874	116.62570000107628	36620	0.42760278395637513
Static case study streams	12982	15837	13005	8.427052842397165	2.183484825142505	25891	210.38915759511025	28346	0.7518828936696149
