website	activeUsers	newUsers	totalUsers	eventCountPerUser	screenPageViewsPerUser	sessions	averageSessionDuration	screenPageViews	engagementRate
OCS main - GA4	18792	18792	18798	5.23105576841209	1.6468177948063005	23180	129.69357304814497	30947	0.42592752372735115
Static case study streams	10577	13206	10593	8.816772241656425	2.2761652642526236	22129	218.36946693108592	24075	0.7363640471779114
