website	activeUsers	newUsers	totalUsers	eventCountPerUser	screenPageViewsPerUser	sessions	averageSessionDuration	screenPageViews	engagementRate
OCS main - GA4	22117	22212	22119	5.12840801193652	1.6104806257629878	27502	117.26184353337939	35619	0.4169151334448404
Static case study streams	11914	14715	11930	8.612724525768003	2.2269598791337923	24305	216.3210378094631	26532	0.7471713639168895
