website	activeUsers	newUsers	totalUsers	eventCountPerUser	screenPageViewsPerUser	sessions	averageSessionDuration	screenPageViews	engagementRate
OCS main - GA4	15191	15254	15192	5.234612599565533	1.6508458955960765	18261	125.17753025836484	25078	0.4109851596298122
Static case study streams	9004	11262	9014	8.70924033762772	2.2750999555752998	17835	226.21677484194	20485	0.7332211942809084
