website	activeUsers	newUsers	totalUsers	eventCountPerUser	screenPageViewsPerUser	sessions	averageSessionDuration	screenPageViews	engagementRate
OCS main - GA4	22117	22212	22119	5.12840801193652	1.6104806257629878	27502	117.26184353337939	35619	0.4169151334448404
Static case study streams	12125	14945	12151	8.570886597938145	2.2176494845360826	24613	215.04161211246088	26889	0.7490756917076342
