website	activeUsers	newUsers	totalUsers	eventCountPerUser	screenPageViewsPerUser	sessions	averageSessionDuration	screenPageViews	engagementRate
OCS main - GA4	15943	15972	15945	5.2566016433544505	1.6619205921093898	19290	125.34871260264384	26496	0.41601866251944014
Static case study streams	9319	11769	9331	8.831205064921129	2.302822191222234	18992	226.41664512094567	21460	0.7333087615838247
