website	activeUsers	newUsers	totalUsers	eventCountPerUser	screenPageViewsPerUser	sessions	averageSessionDuration	screenPageViews	engagementRate
OCS main - GA4	14745	14761	14746	5.223601220752798	1.6494404883011191	17557	126.06897726712991	24321	0.4113459019194623
Static case study streams	8821	10974	8831	8.699353814760231	2.2753656048067112	17528	224.88325984590372	20071	0.7287197626654496
