website	activeUsers	newUsers	totalUsers	eventCountPerUser	screenPageViewsPerUser	sessions	averageSessionDuration	screenPageViews	engagementRate
OCS main - GA4	14283	14225	14295	5.211090107120353	1.6427921305047959	16773	128.22824386657126	23464	0.41441602575567876
Static case study streams	8688	10782	8698	8.688881215469614	2.275897790055249	17142	227.00044355156928	19773	0.7272780305681951
