website	activeUsers	newUsers	totalUsers	eventCountPerUser	screenPageViewsPerUser	sessions	averageSessionDuration	screenPageViews	engagementRate
OCS main - GA4	22117	22212	22119	5.12840801193652	1.6104806257629878	27502	117.26184353337939	35619	0.4169151334448404
Static case study streams	12258	15100	12273	8.5595529450155	2.215206395823136	24760	214.9176337385299	27154	0.7496768982229403
