website	activeUsers	newUsers	totalUsers	eventCountPerUser	screenPageViewsPerUser	sessions	averageSessionDuration	screenPageViews	engagementRate
OCS main - GA4	21851	21981	21854	5.1442039265937485	1.614891766967187	27281	117.49401018118839	35287	0.4178732451156483
Static case study streams	11825	14549	11841	8.583171247357294	2.216490486257928	24108	215.8353579758586	26210	0.7443172390907583
