website	activeUsers	newUsers	totalUsers	eventCountPerUser	screenPageViewsPerUser	sessions	averageSessionDuration	screenPageViews	engagementRate
OCS main - GA4	22117	22212	22119	5.12854365420265	1.6105258398516977	27502	117.26192550654498	35620	0.4169151334448404
Static case study streams	12372	15244	12393	8.550921435499514	2.2125767862916264	24994	213.94948624021768	27374	0.7479395054813155
