website	activeUsers	newUsers	totalUsers	eventCountPerUser	screenPageViewsPerUser	sessions	averageSessionDuration	screenPageViews	engagementRate
OCS main - GA4	15775	15806	15777	5.253629160063391	1.6619968304278923	18990	125.60331251237494	26218	0.4138493944181148
Static case study streams	9273	11685	9285	8.80502534239189	2.2965599051008305	18767	227.6410418674802	21296	0.7317099163425161
