website	activeUsers	newUsers	totalUsers	eventCountPerUser	screenPageViewsPerUser	sessions	averageSessionDuration	screenPageViews	engagementRate
OCS main - GA4	22629	22712	22632	5.14507932299262	1.6182774316143003	27874	116.62570000107628	36620	0.42760278395637513
Static case study streams	12883	15769	12909	8.45362105099744	2.188931149576962	25741	210.95161370545046	28200	0.7518355930228041
