website	activeUsers	newUsers	totalUsers	eventCountPerUser	screenPageViewsPerUser	sessions	averageSessionDuration	screenPageViews	engagementRate
OCS main - GA4	14042	14019	14044	5.224540663723117	1.6464891041162228	16397	129.47694067372083	23120	0.41855217417820334
Static case study streams	8597	10675	8607	8.692683494242177	2.281609863906014	16942	227.77307931631447	19615	0.7274229724943926
