website	activeUsers	newUsers	totalUsers	eventCountPerUser	screenPageViewsPerUser	sessions	averageSessionDuration	screenPageViews	engagementRate
OCS main - GA4	22629	22712	22632	5.14507932299262	1.6182774316143003	27874	116.62570000107628	36620	0.42760278395637513
Static case study streams	12665	15548	12679	8.484168969601264	2.1966837741808134	25444	211.6177026084342	27821	0.7526332337682754
