website	activeUsers	newUsers	totalUsers	eventCountPerUser	screenPageViewsPerUser	sessions	averageSessionDuration	screenPageViews	engagementRate
OCS main - GA4	18283	18312	18288	5.259476015971121	1.6590275118962972	22571	130.93771846200877	30332	0.4291790350449692
Static case study streams	10335	12960	10350	8.881664247701984	2.2945331398161586	21791	219.8683262752513	23714	0.7347987701344592
