website	activeUsers	newUsers	totalUsers	eventCountPerUser	screenPageViewsPerUser	sessions	averageSessionDuration	screenPageViews	engagementRate
OCS main - GA4	14777	14806	14778	5.227583406645462	1.6507410164444745	17617	125.98536309053758	24393	0.41153431344723845
Static case study streams	8830	10996	8840	8.701925254813137	2.2762174405436015	17566	224.50333686957757	20099	0.7289650461118069
