website	activeUsers	newUsers	totalUsers	eventCountPerUser	screenPageViewsPerUser	sessions	averageSessionDuration	screenPageViews	engagementRate
OCS main - GA4	19397	19408	19399	5.204413053564984	1.6335000257771821	23991	126.50039643028637	31685	0.4211579342253345
Static case study streams	10920	13563	10938	8.715384615384615	2.2493589743589744	22615	215.4250836973248	24563	0.7399071412779129
