website	activeUsers	newUsers	totalUsers	eventCountPerUser	screenPageViewsPerUser	sessions	averageSessionDuration	screenPageViews	engagementRate
OCS main - GA4	17702	17743	17705	5.271607727940346	1.6651790758106428	21863	131.78235415409597	29477	0.42299775877052553
Static case study streams	10122	12747	10137	8.90387275242047	2.2968780873345187	21397	218.59465777590313	23249	0.7333738374538487
