website	activeUsers	newUsers	totalUsers	eventCountPerUser	screenPageViewsPerUser	sessions	averageSessionDuration	screenPageViews	engagementRate
OCS main - GA4	13618	13588	13619	5.233587898369804	1.648626817447496	15844	129.89038991883365	22451	0.4182655894976016
Static case study streams	8499	10539	8509	8.69549358748088	2.2837980938933993	16750	228.0702848603582	19410	0.7267462686567164
