website	activeUsers	newUsers	totalUsers	eventCountPerUser	screenPageViewsPerUser	sessions	averageSessionDuration	screenPageViews	engagementRate
OCS main - GA4	21714	21820	21716	5.14617297596021	1.6147186147186148	27017	118.15171436469632	35062	0.420253914202169
Static case study streams	11755	14480	11777	8.596427052318163	2.2188005104210973	24017	215.94827901832036	26082	0.7446808510638298
