website	activeUsers	newUsers	totalUsers	eventCountPerUser	screenPageViewsPerUser	sessions	averageSessionDuration	screenPageViews	engagementRate
OCS main - GA4	21408	21517	21410	5.154428251121076	1.6177130044843049	26471	119.27295102829511	34632	0.42302897510483173
Static case study streams	11546	14252	11566	8.607309890871297	2.221028927767192	23639	216.45502104479885	25644	0.7448707644147383
