website	activeUsers	newUsers	totalUsers	eventCountPerUser	screenPageViewsPerUser	sessions	averageSessionDuration	screenPageViews	engagementRate
OCS main - GA4	13505	13440	13505	5.212291743798593	1.6403554239170677	15618	129.96300550416188	22153	0.4177871686515559
Static case study streams	8435	10460	8445	8.686781268524006	2.2814463544754	16589	229.00315261582978	19244	0.7235517511604075
