website	activeUsers	newUsers	totalUsers	eventCountPerUser	screenPageViewsPerUser	sessions	averageSessionDuration	screenPageViews	engagementRate
OCS main - GA4	18412	18435	18416	5.253964805561591	1.656582663480339	22768	130.5971772080991	30501	0.42722241742796907
Static case study streams	10407	13037	10422	8.866916498510617	2.2899971173248774	21920	219.3120348957117	23832	0.7346715328467154
