website	activeUsers	newUsers	totalUsers	eventCountPerUser	screenPageViewsPerUser	sessions	averageSessionDuration	screenPageViews	engagementRate
OCS main - GA4	14948	14974	14954	5.226384800642227	1.6495852287931496	17874	125.53360703133042	24658	0.4101488195143784
Static case study streams	8898	11105	8909	8.702629804450439	2.2756799280737243	17650	225.25868421518413	20249	0.7304249291784702
